{
  "participants_info": {
    "count": 104,
    "age": 35.27,
    "gender": { "male": 33, "female": 69, "other": 2 }
  },
  "judgment_count": 11886,
  "1_1_1": {
    "agent_goal_1": 0.0,
    "agent_goal_2": 0.5204081632653061,
    "agent_goal_3": 0.0,
    "agent_goal_4": 0.47959183673469385,
    "statement_rating_1": 0.8947368421052632,
    "statement_rating_2": 0.5833333333333333,
    "statement_rating_3": 0.37499999999999994,
    "statement_rating_4": 0.6666666666666666,
    "statement_rating_5": 0.3157894736842105
  },
  "1_1_2": {
    "agent_goal_1": 0.0,
    "agent_goal_2": 0.5408163265306123,
    "agent_goal_3": 0.0,
    "agent_goal_4": 0.45918367346938777,
    "statement_rating_1": 0.8859649122807018,
    "statement_rating_2": 0.5,
    "statement_rating_3": 0.5833333333333333,
    "statement_rating_4": 0.7666666666666667,
    "statement_rating_5": 0.2894736842105264
  },
  "1_2_1": {
    "agent_goal_1": 0.0,
    "agent_goal_2": 0.5294117647058824,
    "agent_goal_3": 0.0,
    "agent_goal_4": 0.47058823529411764,
    "statement_rating_1": 0.2666666666666667,
    "statement_rating_2": 0.9206349206349207,
    "statement_rating_3": 0.5701754385964911,
    "statement_rating_4": 0.9365079365079364,
    "statement_rating_5": 0.1349206349206349
  },
  "1_2_2": {
    "agent_goal_1": 0.0,
    "agent_goal_2": 0.5784313725490197,
    "agent_goal_3": 0.0,
    "agent_goal_4": 0.4215686274509804,
    "statement_rating_1": 0.37499999999999994,
    "statement_rating_2": 0.8492063492063492,
    "statement_rating_3": 0.8421052631578947,
    "statement_rating_4": 0.9603174603174602,
    "statement_rating_5": 0.19047619047619047
  },
  "1_3_1": {
    "agent_goal_1": 0.0,
    "agent_goal_2": 0.4891304347826087,
    "agent_goal_3": 0.0,
    "agent_goal_4": 0.5108695652173914,
    "statement_rating_1": 0.7916666666666666,
    "statement_rating_2": 0.6666666666666666,
    "statement_rating_3": 0.5882352941176472,
    "statement_rating_4": 0.925,
    "statement_rating_5": 0.45098039215686275
  },
  "1_3_2": {
    "agent_goal_1": 0.0,
    "agent_goal_2": 0.4891304347826087,
    "agent_goal_3": 0.0,
    "agent_goal_4": 0.5108695652173914,
    "statement_rating_1": 0.7416666666666667,
    "statement_rating_2": 0.5462962962962963,
    "statement_rating_3": 0.6666666666666667,
    "statement_rating_4": 0.925,
    "statement_rating_5": 0.607843137254902
  },
  "2_1_1": {
    "agent_goal_1": 0.3516666666666668,
    "agent_goal_2": 0.29166666666666674,
    "agent_goal_3": 0.3050000000000001,
    "agent_goal_4": 0.05166666666666666,
    "statement_rating_1": 0.8425925925925924,
    "statement_rating_2": 0.5350877192982456,
    "statement_rating_3": 0.5634920634920634,
    "statement_rating_4": 0.5317460317460319,
    "statement_rating_5": 0.5555555555555556
  },
  "2_1_2": {
    "agent_goal_1": 0.3566666666666667,
    "agent_goal_2": 0.3166666666666669,
    "agent_goal_3": 0.3066666666666668,
    "agent_goal_4": 0.02,
    "statement_rating_1": 0.7685185185185186,
    "statement_rating_2": 0.5526315789473685,
    "statement_rating_3": 0.3095238095238096,
    "statement_rating_4": 0.8095238095238093,
    "statement_rating_5": 0.8095238095238095
  },
  "2_2_1": {
    "agent_goal_1": 0.45125786163522014,
    "agent_goal_2": 0.28144654088050325,
    "agent_goal_3": 0.24056603773584911,
    "agent_goal_4": 0.02672955974842767,
    "statement_rating_1": 0.8484848484848485,
    "statement_rating_2": 0.22727272727272727,
    "statement_rating_3": 0.16666666666666666,
    "statement_rating_4": 0.5166666666666666,
    "statement_rating_5": 0.7142857142857142
  },
  "2_2_2": {
    "agent_goal_1": 0.4496855345911949,
    "agent_goal_2": 0.2704402515723271,
    "agent_goal_3": 0.26100628930817615,
    "agent_goal_4": 0.018867924528301886,
    "statement_rating_1": 0.8181818181818182,
    "statement_rating_2": 0.22727272727272727,
    "statement_rating_3": 0.3253968253968254,
    "statement_rating_4": 0.6333333333333334,
    "statement_rating_5": 0.4761904761904763
  },
  "2_3_1": {
    "agent_goal_1": 0.4358974358974359,
    "agent_goal_2": 0.3205128205128206,
    "agent_goal_3": 0.22756410256410264,
    "agent_goal_4": 0.016025641025641024,
    "statement_rating_1": 0.5416666666666667,
    "statement_rating_2": 0.12698412698412698,
    "statement_rating_3": 0.5,
    "statement_rating_4": 0.825,
    "statement_rating_5": 0.41666666666666663
  },
  "2_3_2": {
    "agent_goal_1": 0.47916666666666663,
    "agent_goal_2": 0.28685897435897445,
    "agent_goal_3": 0.2195512820512821,
    "agent_goal_4": 0.014423076923076924,
    "statement_rating_1": 0.8083333333333332,
    "statement_rating_2": 0.07936507936507936,
    "statement_rating_3": 0.2619047619047619,
    "statement_rating_4": 0.8833333333333334,
    "statement_rating_5": 0.7575757575757577
  },
  "3_1_1": {
    "agent_goal_1": 0.0,
    "agent_goal_2": 0.0,
    "agent_goal_3": 0.5588235294117647,
    "agent_goal_4": 0.4411764705882353,
    "statement_rating_1": 0.11904761904761904,
    "statement_rating_2": 0.7583333333333333,
    "statement_rating_3": 0.13157894736842105,
    "statement_rating_4": 0.22222222222222218,
    "statement_rating_5": 0.40476190476190477
  },
  "3_1_2": {
    "agent_goal_1": 0.0,
    "agent_goal_2": 0.0,
    "agent_goal_3": 0.9411764705882353,
    "agent_goal_4": 0.058823529411764705,
    "statement_rating_1": 0.13492063492063494,
    "statement_rating_2": 0.8,
    "statement_rating_3": 0.08771929824561404,
    "statement_rating_4": 0.43650793650793646,
    "statement_rating_5": 0.7301587301587302
  },
  "3_1_3": {
    "agent_goal_1": 0.0,
    "agent_goal_2": 0.0,
    "agent_goal_3": 0.9215686274509803,
    "agent_goal_4": 0.0784313725490196,
    "statement_rating_1": 0.11904761904761903,
    "statement_rating_2": 0.825,
    "statement_rating_3": 0.09649122807017545,
    "statement_rating_4": 0.4603174603174603,
    "statement_rating_5": 0.6904761904761905
  },
  "3_2_1": {
    "agent_goal_1": 0.0,
    "agent_goal_2": 0.0,
    "agent_goal_3": 0.46875,
    "agent_goal_4": 0.53125,
    "statement_rating_1": 0.5833333333333333,
    "statement_rating_2": 0.275,
    "statement_rating_3": 0.6481481481481481,
    "statement_rating_4": 0.7192982456140351,
    "statement_rating_5": 0.21052631578947367
  },
  "3_2_2": {
    "agent_goal_1": 0.0,
    "agent_goal_2": 0.010416666666666666,
    "agent_goal_3": 0.0625,
    "agent_goal_4": 0.9270833333333334,
    "statement_rating_1": 0.7833333333333334,
    "statement_rating_2": 0.32500000000000007,
    "statement_rating_3": 0.6851851851851852,
    "statement_rating_4": 0.9473684210526315,
    "statement_rating_5": 0.34210526315789475
  },
  "3_3_1": {
    "agent_goal_1": 0.011666666666666665,
    "agent_goal_2": 0.025,
    "agent_goal_3": 0.49166666666666664,
    "agent_goal_4": 0.4716666666666666,
    "statement_rating_1": 0.625,
    "statement_rating_2": 0.7083333333333333,
    "statement_rating_3": 0.34210526315789475,
    "statement_rating_4": 0.5416666666666667,
    "statement_rating_5": 0.5555555555555556
  },
  "3_3_2": {
    "agent_goal_1": 0.006666666666666666,
    "agent_goal_2": 0.026666666666666665,
    "agent_goal_3": 0.88,
    "agent_goal_4": 0.08666666666666666,
    "statement_rating_1": 0.41666666666666663,
    "statement_rating_2": 0.7666666666666667,
    "statement_rating_3": 0.4473684210526316,
    "statement_rating_4": 0.3416666666666667,
    "statement_rating_5": 0.5793650793650795
  },
  "4_1_1": {
    "agent_goal_1": 0.1320754716981132,
    "agent_goal_2": 0.0,
    "agent_goal_3": 0.8018867924528302,
    "agent_goal_4": 0.0660377358490566,
    "statement_rating_1": 0.5681818181818182,
    "statement_rating_2": 0.3508771929824562,
    "statement_rating_3": 0.5158730158730159,
    "statement_rating_4": 0.6439393939393939,
    "statement_rating_5": 0.46212121212121215
  },
  "4_1_2": {
    "agent_goal_1": 0.009433962264150943,
    "agent_goal_2": 0.009433962264150943,
    "agent_goal_3": 0.9622641509433962,
    "agent_goal_4": 0.018867924528301886,