{
  "participants_info": {
    "count": 94,
    "age": 35.7,
    "gender": { "male": 27, "female": 67, "other": 0 }
  },
  "judgment_count": 13542,
  "1_1_1": {
    "goal_probs_1": 0.0,
    "goal_probs_2": 0.575,
    "goal_probs_3": 0.0125,
    "goal_probs_4": 0.4125,
    "statement_probs_1": 0.30208333333333337,
    "statement_probs_2": 0.3529411764705883,
    "statement_probs_3": 0.20238095238095238,
    "statement_probs_4": 0.6470588235294118,
    "statement_probs_5": 0.26041666666666663
  },
  "1_1_2": {
    "goal_probs_1": 0.0,
    "goal_probs_2": 0.55,
    "goal_probs_3": 0.0,
    "goal_probs_4": 0.45,
    "statement_probs_1": 0.21874999999999997,
    "statement_probs_2": 0.5294117647058824,
    "statement_probs_3": 0.19047619047619047,
    "statement_probs_4": 0.6568627450980393,
    "statement_probs_5": 0.25
  },
  "1_1_3": {
    "goal_probs_1": 0.0,
    "goal_probs_2": 0.55,
    "goal_probs_3": 0.0,
    "goal_probs_4": 0.45,
    "statement_probs_1": 0.8125,
    "statement_probs_2": 0.16666666666666669,
    "statement_probs_3": 0.8452380952380952,
    "statement_probs_4": 0.2745098039215686,
    "statement_probs_5": 0.7916666666666667
  },
  "1_2_1": {
    "goal_probs_1": 0.022222222222222223,
    "goal_probs_2": 0.5555555555555556,
    "goal_probs_3": 0.022222222222222223,
    "goal_probs_4": 0.4,
    "statement_probs_1": 0.3166666666666667,
    "statement_probs_2": 0.303921568627451,
    "statement_probs_3": 0.5,
    "statement_probs_4": 0.3148148148148148,
    "statement_probs_5": 0.37254901960784315
  },
  "1_2_2": {
    "goal_probs_1": 0.03333333333333333,
    "goal_probs_2": 0.5222222222222223,
    "goal_probs_3": 0.011111111111111112,
    "goal_probs_4": 0.43333333333333335,
    "statement_probs_1": 0.21666666666666665,
    "statement_probs_2": 0.17647058823529413,
    "statement_probs_3": 0.3055555555555555,
    "statement_probs_4": 0.35185185185185186,
    "statement_probs_5": 0.4215686274509804
  },
  "1_2_3": {
    "goal_probs_1": 0.0,
    "goal_probs_2": 0.5777777777777777,
    "goal_probs_3": 0.0,
    "goal_probs_4": 0.4222222222222222,
    "statement_probs_1": 0.2666666666666667,
    "statement_probs_2": 0.24509803921568624,
    "statement_probs_3": 0.3055555555555556,
    "statement_probs_4": 0.6666666666666665,
    "statement_probs_5": 0.4313725490196078
  },
  "1_2_4": {
    "goal_probs_1": 0.0,
    "goal_probs_2": 0.5888888888888889,
    "goal_probs_3": 0.0,
    "goal_probs_4": 0.4111111111111111,
    "statement_probs_1": 0.9916666666666666,
    "statement_probs_2": 0.9901960784313727,
    "statement_probs_3": 0.9351851851851851,
    "statement_probs_4": 0.32407407407407407,
    "statement_probs_5": 0.16666666666666666
  },
  "1_3_1": {
    "goal_probs_1": 0.0,
    "goal_probs_2": 0.5416666666666666,
    "goal_probs_3": 0.0,
    "goal_probs_4": 0.4583333333333333,
    "statement_probs_1": 0.6,
    "statement_probs_2": 0.7894736842105263,
    "statement_probs_3": 0.14912280701754385,
    "statement_probs_4": 0.5166666666666667,
    "statement_probs_5": 0.31481481481481477
  },
  "1_3_2": {
    "goal_probs_1": 0.005208333333333333,
    "goal_probs_2": 0.5364583333333334,
    "goal_probs_3": 0.005208333333333333,
    "goal_probs_4": 0.453125,
    "statement_probs_1": 0.19166666666666665,
    "statement_probs_2": 0.8070175438596493,
    "statement_probs_3": 0.850877192982456,
    "statement_probs_4": 0.85,
    "statement_probs_5": 0.8888888888888888
  },
  "2_1_1": {
    "goal_probs_1": 0.37500000000000006,
    "goal_probs_2": 0.2727272727272728,
    "goal_probs_3": 0.27272727272727276,
    "goal_probs_4": 0.07954545454545454,
    "statement_probs_1": 0.5686274509803921,
    "statement_probs_2": 0.4035087719298246,
    "statement_probs_3": 0.49074074074074076,
    "statement_probs_4": 0.7450980392156863,
    "statement_probs_5": 0.3431372549019608
  },
  "2_1_2": {
    "goal_probs_1": 0.369318181818182,
    "goal_probs_2": 0.278409090909091,
    "goal_probs_3": 0.31250000000000006,
    "goal_probs_4": 0.03977272727272727,
    "statement_probs_1": 0.7352941176470589,
    "statement_probs_2": 0.3508771929824561,
    "statement_probs_3": 0.2037037037037037,
    "statement_probs_4": 0.5098039215686274,
    "statement_probs_5": 0.47058823529411775
  },
  "2_1_3": {
    "goal_probs_1": 0.3731060606060607,
    "goal_probs_2": 0.29356060606060613,
    "goal_probs_3": 0.2935606060606061,
    "goal_probs_4": 0.03977272727272727,
    "statement_probs_1": 0.8627450980392156,
    "statement_probs_2": 0.8333333333333334,
    "statement_probs_3": 0.7222222222222222,
    "statement_probs_4": 0.8627450980392157,
    "statement_probs_5": 0.1372549019607843
  },
  "2_2_1": {
    "goal_probs_1": 0.41269841269841284,
    "goal_probs_2": 0.2976190476190477,
    "goal_probs_3": 0.2301587301587301,
    "goal_probs_4": 0.05952380952380952,
    "statement_probs_1": 0.3854166666666667,
    "statement_probs_2": 0.5588235294117646,
    "statement_probs_3": 0.29166666666666663,
    "statement_probs_4": 0.3583333333333333,
    "statement_probs_5": 0.1888888888888889
  },
  "2_2_2": {
    "goal_probs_1": 0.42063492063492064,
    "goal_probs_2": 0.27777777777777785,
    "goal_probs_3": 0.2698412698412699,
    "goal_probs_4": 0.031746031746031744,
    "statement_probs_1": 0.43749999999999994,
    "statement_probs_2": 0.588235294117647,
    "statement_probs_3": 0.3958333333333333,
    "statement_probs_4": 0.39166666666666666,
    "statement_probs_5": 0.3555555555555555
  },
  "2_2_3": {
    "goal_probs_1": 0.4027777777777779,
    "goal_probs_2": 0.2837301587301588,
    "goal_probs_3": 0.2718253968253969,
    "goal_probs_4": 0.041666666666666664,
    "statement_probs_1": 0.46874999999999994,
    "statement_probs_2": 0.08823529411764708,
    "statement_probs_3": 0.4270833333333333,
    "statement_probs_4": 0.8833333333333334,
    "statement_probs_5": 0.7777777777777778
  },
  "2_3_1": {
    "goal_probs_1": 0.3719512195121953,
    "goal_probs_2": 0.29878048780487815,
    "goal_probs_3": 0.2865853658536586,
    "goal_probs_4": 0.042682926829268296,
    "statement_probs_1": 0.6145833333333334,
    "statement_probs_2": 0.34444444444444444,
    "statement_probs_3": 0.7307692307692306,
    "statement_probs_4": 0.5277777777777778,
    "statement_probs_5": 0.39166666666666666
  },
  "2_3_2": {
    "goal_probs_1": 0.34349593495934977,
    "goal_probs_2": 0.3191056910569107,
    "goal_probs_3": 0.3069105691056911,
    "goal_probs_4": 0.03048780487804878,
    "statement_probs_1": 0.40624999999999994,
    "statement_probs_2": 0.7222222222222222,
    "statement_probs_3": 0.6410256410256411,
    "statement_probs_4": 0.14814814814814814,
    "statement_probs_5": 0.7083333333333333
  },
  "3_1_1": {
    "goal_probs_1": 0.0,
    "goal_probs_2": 0.0,
    "goal_probs_3": 0.5333333333333333,
    "goal_probs_4": 0.4666666666666667,
    "statement_probs_1": 0.42156862745098034,
    "statement_probs_2": 0.47058823529411764,
    "statement_probs_3": 0.2982456140350877,
    "statement_probs_4": 0.23684210526315788,
    "statement_probs_5": 0.34259259259259256
  },
  "3_1_2": {
    "goal_probs_1": 0.0,
    "goal_probs_2": 0.0,
    "goal_probs_3": 0.8555555555555555,
    "goal_probs_4": 0.14444444444444443,
    "statement_probs_1": 0.3333333333333333,
    "statement_probs_2": 0.5,
    "statement_probs_3": 0.4473684210526316,
    "statement_probs_4": 0.21052631578947367,
    "statement_probs_5": 0.3055555555555555
  },
  "3_1_3": {
    "goal_probs_1": 0.0,
    "goal_probs_2": 0.0,
    "goal_probs_3": 0.8777777777777778,
    "goal_probs_4": 0.12222222222222222,
    "statement_probs_1": 0.33333333333333337,
    "statement_probs_2": 0.4117647058823529,
    "statement_probs_3": 0.24561403508771926,
    "statement_probs_4": 0.21052631578947367,
    "statement_probs_5": 0.14814814814814814
  },
  "3_1_4": {
    "goal_probs_1": 0.0,
    "goal_probs_2": 0.0,
    "goal_probs_3": 0.9,
    "goal_probs_4": 0.1,
    "statement_probs_1": 0.8039215686274509,
    "statement_probs_2": 0.9607843137254901,